"","Lower CI","Point Estimate","Upper CI"
"2",0.804871032697286,0.906479481641469,1.03514613392527
"3",0.977507265354784,1.07599309153713,1.19386777387416
"4",1.01343862565808,1.11594202898551,1.23752849658542
"5",0.971753550981956,1.09482826687722,1.23407730330175
"6",0.938805537294879,0.999649181455671,1.06200748651664
"7",1.05900930136098,1.12986760629064,1.20255749773122
"8",1.03887404707062,1.11184834123223,1.18711242598311
"9",0.96436810919198,1.13088109495295,1.29629024350384
